-- Funções para facilitar a inserção de datas
-- E não ter 1001's "YYYY-MM-DD HH24:MI:SS" no código
CREATE OR REPLACE FUNCTION format_datetime(date_str VARCHAR)
RETURNS TIMESTAMP AS $$
BEGIN
    RETURN TO_TIMESTAMP(date_str, 'YYYY-MM-DD HH24:MI:SS');
END;
$$ LANGUAGE plpgsql;

CREATE OR REPLACE FUNCTION format_date(date_str VARCHAR)
RETURNS TIMESTAMP AS $$
BEGIN
    RETURN TO_TIMESTAMP(date_str, 'YYYY/MM/DD');
END;
$$ LANGUAGE plpgsql;

-- Inserção de dados

INSERT INTO PESSOA (EMAIL, NOME, SENHA, TELEFONE, DATA)
VALUES ('j_silva@gmail.com', 'João Silva', 'R$w#2gFq7P', '(11)99876-5432', format_date('1997/10/12')),
       ('mari.asantos@gmail.com', 'Maria Santos', 't9*G@zKp$L', '(21)95555-1234', format_date('1998/10/16')),
       ('pcosta1999@gmail.com', 'Pedro Costa', '5xU$P#zJwY', '(31)97777-8888', format_date('1999/05/05')),
       ('anaoliveira_@gmail.com', 'Ana Oliveira', 'B4r!E%hV2D', '(41)93333-9999', format_date('1996/08/05')),
       ('lp2000lp@gmail.com', 'Lucas Pereira', 'L@7wT$y1KX', '(51)96666-2222', format_date('2000/07/01')),
       ('srodrigues@gmail.com', 'Sofia Rodrigues', '3vN!QzR#Pm', '(61)92222-4444', format_date('1997/05/27')),
       ('c_fernandes@gmail.com', 'Carlos Fernandes', 'X$W5pZ9*Vt', '(71)98888-5555', format_date('1999/06/11')),
       ('mendeslaura@gmail.com', 'Laura Mendes', '8jF!qU@rZL', '(81)94444-7777', format_date('1998/08/20')),
       ('a.almeida@gmail.com', 'André Almeida', 's2vY$uM@1A', '(91)99999-3333', format_date('2000/11/23')),
       ('biacardoso@gmail.com', 'Beatriz Cardoso', 'Pz7H*V6@Tf', '(12)91234-5678', format_date('1995/11/22')),
       ('felipecarv@gmail.com', 'Felipe Carvalho', 'Y$eFtX#k9G', '(22)98765-4321', format_date('1998/12/02')),
       ('clarasouza_@gmail.com', 'Clara Sousa', '1aR*KzL8$b', '(32)93456-7890', format_date('1997/03/02')),
       ('gomes.math@gmail.com', 'Matheus Gomes', 'D$Pf5Wq#oX', '(42)95678-1234', format_date('1996/05/27')),
       ('iteixeira@gmail.com', 'Isabela Teixeira', 'C2vG@jB$Lr', '(52)97890-1234', format_date('1996/02/20')),
       ('gsantos98@gmail.com', 'Guilherme Santos', 'W$9oT#z4Sd', '(62)92345-6789', format_date('1998/01/16')),
       ('ribcamila@gmail.com', 'Camila Ribeiro', '6QwA8*J$Kf', '(72)98765-2345', format_date('1996/02/20')),
       ('thmiranda@gmail.com', 'Thiago Miranda', 'ZcM3*S@bYg', '(82)94321-6789', format_date('1996/12/08')),
       ('luana_ferreira@gmail.com', 'Luana Ferreira', 'k1X*VzP$uH', '(92)93456-7890', format_date('1996/12/06')),
       ('moreiraleo@gmail.com', 'Leonardo Moreira', 'I7yW@eN#pL', '(13)99876-5432', format_date('1999/04/24')),
       ('jc1996@gmail.com', 'Julia Coelho', 'V$2FwGqR!t', '(23)98765-4321', format_date('1996/09/09')),
       ('juliamartins@gmail.com', 'Julia Martins', 'K$7FwXqG!t', '(34)56789-1234', format_date('1995/08/15')),
       ('pedrosilva@hotmail.com', 'Pedro Silva', 'R$4TgPzD#w', '(11)34567-8901', format_date('1990/07/25')),
       ('anacarvalho@yahoo.com', 'Ana Carvalho', 'S#1BzAqT@w', '(27)12345-6789', format_date('1993/12/01')),
       ('luizrodrigues@gmail.com', 'Luiz Rodrigues', 'M$9FwPzD!r', '(55)98765-4321', format_date('1985/03/12')),
       ('carolpereira@hotmail.com', 'Carol Pereira', 'C$7XzTqW!f', '(44)56789-1234', format_date('1988/04/22')),
       ('marciooliveira@gmail.com', 'Marcio Oliveira', 'D$3VqEzF!w', '(66)34567-8901', format_date('1994/02/03')),
       ('patriciarosa@yahoo.com', 'Patricia Rosa', 'G#1WzDqA@t', '(99)12345-6789', format_date('1987/07/18')),
       ('felipenunes@hotmail.com', 'Felipe Nunes', 'T$6KzXqL@y', '(77)98765-4321', format_date('1991/05/29')),
       ('andressouza@gmail.com', 'Andres Souza', 'P$2CzGqB@x', '(88)56789-1234', format_date('1992/11/11')),
       ('marinamartins@yahoo.com', 'Marina Martins', 'H$4RzEqD@z', '(10)34567-8901', format_date('1997/06/06')),
       ('carlosrodrigues@hotmail.com', 'Carlos Rodrigues', 'A$3PzTqX@q', '(29)12345-6789', format_date('1986/10/20')),
       ('joanagarcia@gmail.com', 'Joana Garcia', 'W$2SzGqP@r', '(12)98765-4321', format_date('1998/09/09')),
       ('robertocarvalho@yahoo.com', 'Roberto Carvalho', 'E$1YzDqA@u', '(45)56789-1234', format_date('1989/03/30')),
       ('rafaelalmeida@hotmail.com', 'Rafael Almeida', 'F$5QzWqX@v', '(20)34567-8901', format_date('1992/08/05')),
       ('laurasilva@gmail.com', 'Laura Silva', 'V$3PzBqF@y', '(35)12345-6789', format_date('1996/07/14')),
       ('marceloferreira@yahoo.com', 'Marcelo Ferreira', 'T$2GzVqP@w', '(56)98765-4321', format_date('1994/01/26')),
       ('larissasantos@hotmail.com', 'Larissa Santos', 'W$4HzGqZ@x', '(48)56789-1234', format_date('1990/05/09')),
       ('marcosvieira@gmail.com', 'Marcos Vieira', 'K$3FzPqX@e', '(69)34567-8901', format_date('1991/12/03')),
       ('analuiza@hotmail.com', 'Ana Luiza', 'H$7SzVqD@r', '(10)12345-6789', format_date('1993/04/18')),
       ('pedromiranda@yahoo.com', 'Pedro Miranda', 'M$5XzGqB@t', '(89)98765-4321', format_date('1995/11/01')),
       ('laracosta@gmail.com', 'Lara Costa', 'P$1DzXqR@y', '(79)56789-1234', format_date('1998/03/22')),
       ('joaopedro@hotmail.com', 'João Pedro', 'C$9GzBqZ@u', '(19)34567-8901', format_date('1992/06/16')),
       ('julianascimento@yahoo.com', 'Julia Nascimento', 'F$2PzTqA@i', '(22)12345-6789', format_date('1994/09/07')),
       ('rodrigoferreira@gmail.com', 'Rodrigo Ferreira', 'A$4HzWqV@o', '(33)98765-4321', format_date('1997/02/28')),
       ('amandasilva@hotmail.com', 'Amanda Silva', 'K$6XzBqZ@p', '(40)56789-1234', format_date('1996/10/15')),
       ('lucasrodrigues@yahoo.com', 'Lucas Rodrigues', 'R$3QzVqT@j', '(44)34567-8901', format_date('1990/11/25')),
       ('isabelacarvalho@gmail.com', 'Isabela Carvalho', 'F$7GzPqA@k', '(55)12345-6789', format_date('1995/05/10')),
       ('marcosferreira@hotmail.com', 'Marcos Ferreira', 'P$2XzBqZ@m', '(66)98765-4321', format_date('1993/07/07')),
       ('larissaalmeida@yahoo.com', 'Larissa Almeida', 'S$8WzTqV@n', '(77)56789-1234', format_date('1991/12/11')),
       ('gabrieloliveira@gmail.com', 'Gabriel Oliveira', 'D$1FzBqA@l', '(88)34567-8901', format_date('1998/01/03'));


INSERT INTO PILOTO (EMAIL, LICENCA)
VALUES ('c_fernandes@gmail.com','123987456321654'),
       ('clarasouza_@gmail.com','456789123012345'),
       ('pcosta1999@gmail.com','462897625123155'),
       ('felipecarv@gmail.com','753159642806495'),
       ('moreiraleo@gmail.com','648731982554679'),
       ('lp2000lp@gmail.com','143897256431852');


INSERT INTO TURISTA(EMAIL, PAIS)
VALUES ('j_silva@gmail.com','Brasil'),
       ('mari.asantos@gmail.com','Noruega'),
       ('anaoliveira_@gmail.com', 'Canadá'),
       ('srodrigues@gmail.com', 'Nova Zelândia'),
       ('mendeslaura@gmail.com', 'Portugal'),
       ('a.almeida@gmail.com', 'Nova Zelândia'),
       ('biacardoso@gmail.com', 'Portugal'),
       ('gomes.math@gmail.com', 'Canadá'),
       ('iteixeira@gmail.com', 'Canadá'),
       ('gsantos98@gmail.com', 'Portugal'),
       ('ribcamila@gmail.com', 'Argentina'),
       ('thmiranda@gmail.com', 'Argentina'),
       ('luana_ferreira@gmail.com', 'Portugal'),
       ('jc1996@gmail.com','Noruega'),
       ('juliamartins@gmail.com', 'Venezuela'),
       ('pedrosilva@hotmail.com', 'Argentina'),
       ('anacarvalho@yahoo.com', 'Argentina'),
       ('luizrodrigues@gmail.com', 'Canadá'),
       ('carolpereira@hotmail.com', 'Venezuela'),
       ('marciooliveira@gmail.com', 'Holanda'),
       ('patriciarosa@yahoo.com','Brasil'),
       ('felipenunes@hotmail.com', 'Portugal'),
       ('andressouza@gmail.com', 'Nova Zelândia'),
       ('marinamartins@yahoo.com', 'Nova Zelândia'),
       ('carlosrodrigues@hotmail.com', 'Nova Zelândia'),
       ('joanagarcia@gmail.com', 'Holanda'),
       ('robertocarvalho@yahoo.com','Brasil'),
       ('rafaelalmeida@hotmail.com', 'Holanda'),
       ('laurasilva@gmail.com', 'Holanda'),
       ('marceloferreira@yahoo.com', 'Venezuela'),
       ('larissasantos@hotmail.com', 'Canadá'),
       ('marcosvieira@gmail.com', 'Filipinas'),
       ('analuiza@hotmail.com','Noruega'),
       ('pedromiranda@yahoo.com', 'Colômbia'),
       ('laracosta@gmail.com','Brasil'),
       ('joaopedro@hotmail.com', 'Filipinas'),
       ('julianascimento@yahoo.com', 'Colômbia'),
       ('rodrigoferreira@gmail.com', 'Canadá'),
       ('amandasilva@hotmail.com', 'Colômbia'),
       ('lucasrodrigues@yahoo.com','Brasil'),
       ('isabelacarvalho@gmail.com', 'Colômbia'),
       ('marcosferreira@hotmail.com', 'Argentina'),
       ('larissaalmeida@yahoo.com', 'Colômbia'),
       ('gabrieloliveira@gmail.com', 'Canadá');


INSERT INTO GALAXIA(NOME)
VALUES ('Pégaso'),
       ('Olho de Coruja'),
       ('Redemoinho'),
       ('Nebula'),
       ('Rodamoinho do Sul'),
       ('Sombrero'),
       ('Via Láctea'),
       ('Andrômeda'),
       ('Cetus A'),
       ('Nuvem de Magalhães'),
       ('Roda de Carroça'),
       ('Cisne Negro'),
       ('Cão Maior'),
       ('Águia Careca'),
       ('Dragão de Komodo'),
       ('Apokolips'),
       ('Trem-bala'),
       ('Grande Libélula'),
       ('Baleia Cinza'),
       ('Excalibur'),
       ('Trishula de Shiva'),
       ('Artemis'),
       ('Canguru-Caracol');


INSERT INTO NAVE (NUMERO_REGISTRO, MODELO, CAPACIDADE)
VALUES (57165, 'A12B3C4D5E6F7G8', 30),
       (67890, 'H1I2J3KF4L5M6N7', 40),
       (54655, 'O1P2Q3R4VS5T6U7', 55),
       (22151, 'V1W2X3Y4ZT5A6B7', 25),
       (21568, 'C1D2E3F4GD5H6I7', 60),
       (21321, 'J1K2L3M4N5HO6P7', 35),
       (66566, 'Q1R2S3T4U5VV6W7', 45),
       (48825, 'X1Y2Z3A4B5CE6D7', 50),
       (21819, 'E1F2G3H4I5J6SK7', 70),
       (79874, 'L1M2N3O4PV5Q6R7', 30),
       (28920, 'S1T2U3V4WU5X6Y7', 55),
       (00201, 'Z1A2B3C4DN5E6F7', 40),
       (14142, 'G1H2I3J4KV5L6M7', 25),
       (32111, 'N1O2P3Q4RE5S6T7', 35),
       (87652, 'U1V2W3X4Y5KZ6A7', 60),
       (56789, 'B1C2D3E4F5BG6H7', 65),
       (23456, 'I1J2K3L4M5DN6O7', 70),
       (78901, 'P1Q2R3S4T5BU6V7', 50),
       (34567, 'W1X2Y3Z4A5FB6C7', 45),
       (89012, 'D1E2F3G4H5IS6J7', 30),
       (45678, 'K1L2M3N4O5P6SQ7', 40),
       (90123, 'R1S2T3U4V5UW6X7', 60),
       (30378, 'Y1Z2A3B4C5BD6E7', 55),
       (52008, 'F1G2H3I4J5KB6L7', 25),
       (44554, 'M1N2O3P4Q5R56S7', 70);


INSERT INTO ROTA (NOME)
VALUES ('Rota da Aventura'),
       ('Rota dos Mistérios Antigos'),
       ('Rota do Explorador Solitário'),
       ('Rota das Maravilhas Naturais'),
       ('Rota do Viajante Intrépido'),
       ('Rota do Tesouro Perdido'),
       ('Rota da Serenidade'),
       ('Rota das Aventuras Aquáticas'),
       ('Rota das Maravilhas do Deserto'),
       ('Rota da Floresta Encantada'),
       ('Rota das Montanhas Majestosas'),
       ('Rota das Cidades Históricas'),
       ('Rota da Cultura Local'),
       ('Rota dos Sabores Exóticos'),
       ('Rota das Praias Paradisíacas'),
       ('Rota do Vinho e da Gastronomia'),
       ('Rota da Aventura Extrema'),
       ('Rota das Paisagens Pintadas'),
       ('Rota do Patrimônio Cultural'),
       ('Rota das Cidades Antigas'),
       ('Rota do Caminho Espiritual'),
       ('Rota da História e Mitologia'),
       ('Rota da Beleza Natural'),
       ('Rota das Cores e Arte'),
       ('Rota dos Sons e Música'),
       ('Rota das Escapadas Românticas'),
       ('Rota da Vida Selvagem'),
       ('Rota dos Tesouros Subaquáticos'),
       ('Rota da Aventura na Neve');


INSERT INTO FACCAO (NOME, NUMERO_MEMBROS)
VALUES ('Ordem das Estrelas Luminosas', 72652),
       ('Aliança Celestial', 51745),
       ('Concílio das Esferas Cósmicas', 66551),
       ('Liga dos Planetas Livres', 43588),
       ('Consórcio Interplanetário', 81246),
       ('Tribo das Nebulosas Eternas', 27912),
       ('Soberanos da Galáxia', 61435),
       ('Irmandade Estelar', 35132),
       ('Conglomerado Intergaláctico', 74625),
       ('Fraternidade das Dimensões', 49988),
       ('Congregação Estelar', 67646),
       ('Confederação das Esferas', 32558),
       ('União dos Mundos Unidos', 48712),
       ('Pacto dos Astros', 54864),
       ('Assembleia das Constelações', 25915),
       ('Legião dos Viajantes do Espaço', 46237),
       ('Reinos Intergalácticos', 79659),
       ('Sociedade das Estrelas', 66562),
       ('Coletivo das Nebulosas', 43246),
       ('Legado dos Antigos', 34748),
       ('Reinos da Fronteira', 61805),
       ('Círculo das Luas Lunares', 57204),
       ('Conclave Estelar', 46303),
       ('Ordem dos Guardiões da Galáxia', 31839),
       ('Liga dos Exploradores Cósmicos', 51132),
       ('Sindicato das Constelações', 29521),
       ('União Astral', 75858),
       ('Pacto Intergaláctico', 41372);


INSERT INTO RACA (NOME, PESO_MEDIO, TAMANHO_MEDIO, DESCRICAO)
VALUES ('Zorgon', 85, 180, 'Pele azul, olhos grandes'),
       ('Xenoth', 102, 210, 'Exoesqueleto resistente'),
       ('Drakar', 75, 175, 'Quatro braços, verde'),
       ('Nelkari', 110, 230, 'Pele escamosa, cauda'),
       ('Lyrion', 95, 190, 'Pele prateada, olhos vermelhos'),
       ('Vrillar', 78, 165, 'Pele transparente'),
       ('Gorix', 115, 240, 'Pele roxa, quatro olhos'),
       ('Zygoran', 92, 200, 'Cristais bioluminescentes'),
       ('Ogriak', 105, 220, 'Antenas no topo da cabeça'),
       ('Zentar', 88, 185, 'Pele de mármore, orelhas pontudas'),
       ('Korvax', 98, 200, 'Placas metálicas no corpo'),
       ('Yolthar', 80, 170, 'Tentáculos na cabeça'),
       ('Florin', 60, 160, 'Corpo de planta'),
       ('Sylthor', 112, 235, 'Quatro olhos, pele escorregadia'),
       ('Astron', 70, 175, 'Asas nas costas'),
       ('Naxor', 100, 200, 'Pele de pedra'),
       ('Kryllar', 89, 195, 'Olhos luminescentes'),
       ('Zephyr', 68, 170, 'Asas transparentes'),
       ('Eldar', 118, 245, 'Pele dourada, antenas'),
       ('Varkor', 77, 180, 'Pele metálica'),
       ('Zyndari', 94, 205, 'Pele de cristal'),
       ('Graxion', 108, 225, 'Quatro patas, olhos múltiplos'),
       ('Xyrron', 76, 175, 'Exoesqueleto articulado'),
       ('Krothar', 96, 195, 'Pele vermelha, chifres'),
       ('Zelthar', 87, 190, 'Pele de veludo'),
       ('Zylok', 104, 210, 'Escamas iridescentes'),
       ('Thyrrax', 81, 175, 'Quatro olhos, antenas'),
       ('Xylos', 97, 200, 'Pele de pedra, barbatanas'),
       ('Vylkor', 73, 170, 'Asas membranosas'),
       ('Grynthor', 115, 240, 'Pele escorregadia, tentáculos');


INSERT INTO EXPEDICAO(PILOTO, NAVE, DH_INICIO, DH_FIM, ROTA)
VALUES ('lp2000lp@gmail.com', 22151, format_datetime('2023-01-15 08:00:00'), format_datetime('2023-01-30 16:00:00'), 'Rota da Aventura'),
       ('c_fernandes@gmail.com', 14142, format_datetime('2023-02-10 10:30:00'), format_datetime('2023-02-15 18:30:00'), 'Rota dos Mistérios Antigos'),
       ('clarasouza_@gmail.com', 21321, format_datetime('2023-03-05 09:45:00'), format_datetime('2023-03-20 17:45:00'), 'Rota do Explorador Solitário');

    --    -- Aqui foi inserido o modelo da nave e não o registro. Precisa colocar o registro no lugar.
    --    ('lp2000lp@gmail.com', 'W1X2Y3Z4A5FB6C7', format_datetime('2023-04-20 11:15:00'), format_datetime('2023-04-27 19:15:00'), 'Rota das Maravilhas Naturais'),
    --    ('felipecarv@gmail.com', 'N1O2P3Q4RE5S6T7', format_datetime('2023-05-10 07:30:00'), format_datetime('2023-05-15 15:30:00'), 'Rota do Viajante Intrépido'),
    --    ('moreiraleo@gmail.com', 'M1N2O3P4Q5R56S7', format_datetime('2023-06-08 10:00:00'), format_datetime('2023-06-13 18:00:00'), 'Rota do Tesouro Perdido'),
    --    ('clarasouza_@gmail.com', 'J1K2L3M4N5HO6P7', format_datetime('2023-07-25 08:45:00'), format_datetime('2023-07-30 16:45:00'), 'Rota da Serenidade'),
    --    ('c_fernandes@gmail.com', 'H1I2J3KF4L5M6N7', format_datetime('2023-08-14 09:30:00'), format_datetime('2023-08-16 17:30:00'), 'Rota das Aventuras Aquáticas'),
    --    ('c_fernandes@gmail.com', 'K1L2M3N4O5P6SQ7', format_datetime('2023-09-03 07:15:00'), format_datetime('2023-09-17 15:15:00'), 'Rota das Maravilhas do Deserto'),
    --    ('pcosta1999@gmail.com', 'F1G2H3I4J5KB6L7', format_datetime('2023-10-12 11:30:00'), format_datetime('2023-10-17 19:30:00'), 'Rota da Floresta Encantada'),
    --    ('pcosta1999@gmail.com', 'X1Y2Z3A4B5CE6D7', format_datetime('2023-11-20 10:15:00'), format_datetime('2023-11-25 18:15:00'), 'Rota das Montanhas Majestosas');


-- -- aqui também, colocaram o modelo da nave mas era pra ser o número
-- INSERT INTO EXPEDICAO_TURISTA(NAVE, DH_INICIO, TURISTA)
-- VALUES ('V1W2X3Y4ZT5A6B7', format_datetime('2023-02-10 10:30:00'), 'c_fernandes@gmail.com'),
--        ('J1K2L3M4N5HO6P7', format_datetime('2023-03-05 09:45:00'), 'clarasouza_@gmail.com'),
--        ('W1X2Y3Z4A5FB6C7', format_datetime('2023-04-20 11:15:00'), 'lp2000lp@gmail.com'),
--        ('N1O2P3Q4RE5S6T7', format_datetime('2023-05-10 07:30:00'), 'felipecarv@gmail.com'),
--        ('M1N2O3P4Q5R56S7', format_datetime('2023-06-08 10:00:00'), 'moreiraleo@gmail.com'),
--        ('J1K2L3M4N5HO6P7', format_datetime('2023-07-25 08:45:00'), 'clarasouza_@gmail.com'),
--        ('H1I2J3KF4L5M6N7', format_datetime('2023-08-14 09:30:00'), 'c_fernandes@gmail.com'),
--        ('K1L2M3N4O5P6SQ7', format_datetime('2023-09-03 07:15:00'), 'c_fernandes@gmail.com'),
--        ('F1G2H3I4J5KB6L7', format_datetime('2023-10-12 11:30:00'), 'pcosta1999@gmail.com'),
--        ('X1Y2Z3A4B5CE6D7', format_datetime('2023-11-20 10:15:00'), 'pcosta1999@gmail.com'),
--        ('N1O2P3Q4RE5S6T7', format_datetime('2023-05-10 07:30:00'), 'jc1996@gmail.com'),
--        ('G1H2I3J4KV5L6M7', format_datetime('2023-02-10 10:30:00'), 'juliamartins@gmail.com'),
--        ('N1O2P3Q4RE5S6T7', format_datetime('2023-05-10 07:30:00'), 'pedrosilva@hotmail.com'),
--        ('H1I2J3KF4L5M6N7', format_datetime('2023-08-14 09:30:00'), 'anacarvalho@yahoo.com'),
--        ('W1X2Y3Z4A5FB6C7', format_datetime('2023-04-20 11:15:00'), 'luizrodrigues@gmail.com'),
--        ('N1O2P3Q4RE5S6T7', format_datetime('2023-05-10 07:30:00'), 'carolpereira@hotmail.com'),
--        ('M1N2O3P4Q5R56S7', format_datetime('2023-06-08 10:00:00'), 'marciooliveira@gmail.com'),
--        ('H1I2J3KF4L5M6N7', format_datetime('2023-08-14 09:30:00'), 'patriciarosa@yahoo.com'),
--        ('K1L2M3N4O5P6SQ7', format_datetime('2023-09-03 07:15:00'), 'felipenunes@hotmail.com'),
--        ('F1G2H3I4J5KB6L7', format_datetime('2023-10-12 11:30:00'), 'andressouza@gmail.com'),
--        ('X1Y2Z3A4B5CE6D7', format_datetime('2023-11-20 10:15:00'), 'marinamartins@yahoo.com'),
--        ('N1O2P3Q4RE5S6T7', format_datetime('2023-05-10 07:30:00'), 'carlosrodrigues@hotmail.com'),
--        ('G1H2I3J4KV5L6M7', format_datetime('2023-02-10 10:30:00'), 'joanagarcia@gmail.com'),
--        ('W1X2Y3Z4A5FB6C7', format_datetime('2023-04-20 11:15:00'), 'robertocarvalho@yahoo.com'),
--        ('M1N2O3P4Q5R56S7', format_datetime('2023-06-08 10:00:00'), 'rafaelalmeida@hotmail.com');


INSERT INTO CORPO (GALAXIA, NOME, RAIO, MASSA, GRAVIDADE, TEMPERATURA, DISTANCIA_TERRA, TIPO)
VALUES ('Pégaso', 'Alpha Centauri', 1276, 54980, 56, 32, 49782, 'estrela'),
       ('Olho de Coruja', 'Hermes', 764, 34901, 43, 25, 33453, 'asteroide'),
       ('Redemoinho', 'Terra', 6371, 59780, 24, 15, 0, 'planeta'),
       ('Nebula', 'Halley', 987, 41562, 68, 39, 92938, 'cometa'),
       ('Rodamoinho do Sul', 'Saturno', 58232, 83645, 15, 21, 129854, 'planeta'),
    -- Linha com chave primária duplicada -- ('Sombrero', 'Marte', 3397, 42659, 38, 27, 224872, 'planeta'),
       ('Via Láctea', 'Júpiter', 69911, 98502, 51, 44, 390220, 'planeta'),
       ('Andrômeda', 'Plutão', 1186, 25987, 17, 19, 447609, 'planeta'),
       ('Cetus A', 'Venus', 6051, 73542, 27, 33, 723409, 'planeta'),
       ('Nuvem de Magalhães', 'Ganimedes', 2631, 32751, 46, 55, 654230, 'satelite'),
       ('Roda de Carroça', 'Mimas', 297, 12654, 62, 47, 384212, 'satelite'),
       ('Cisne Negro', 'Encélado', 252, 11256, 59, 41, 354159, 'satelite'),
       ('Cão Maior', 'Prometeu', 134, 6743, 71, 63, 378906, 'satelite'),
       ('Águia Careca', 'Titã', 2576, 78562, 32, 29, 974220, 'satelite'),
       ('Dragão de Komodo', 'Cometar', 493, 20684, 53, 59, 675439, 'cometa'),
       ('Apokolips', 'Betelgeuse', 1198, 56782, 72, 66, 556799, 'estrela'),
       ('Trem-bala', 'Fobos', 11, 128, 80, 67, 35793, 'satelite'),
       ('Grande Libélula', 'Éris', 1162, 49276, 75, 48, 987456, 'planeta'),
       ('Baleia Cinza', 'Caronte', 603, 24769, 50, 37, 65432, 'satelite'),
       ('Excalibur', 'Oumuamua', 567, 23987, 22, 20, 54673, 'asteroide'),
       ('Trishula de Shiva', 'Hale-Bopp', 1687, 59847, 41, 34, 87863, 'cometa'),
       ('Artemis', 'Io', 1821, 64523, 31, 26, 29312, 'satelite'),
       ('Canguru-Caracol', 'Tétis', 1052, 47653, 66, 57, 78674, 'satelite'),
       ('Pégaso', 'Sirius', 1847, 75231, 49, 35, 108932, 'estrela'),
       ('Olho de Coruja', 'Apolo', 367, 15245, 57, 42, 45698, 'asteroide'),
       ('Redemoinho', 'Urano', 25362, 86542, 29, 31, 289036, 'planeta'),
       ('Nebula', 'Neowise', 893, 39657, 65, 57, 76298, 'cometa'),
       ('Rodamoinho do Sul', 'Netuno', 24764, 98456, 30, 37, 405284, 'planeta'),
       ('Sombrero', 'Pluto', 1186, 36895, 23, 27, 683247, 'planeta'),
       ('Via Láctea', 'Sírius B', 125, 4526, 75, 61, 124659, 'estrela'),
       ('Andrômeda', 'Oberon', 763, 32984, 47, 45, 549723, 'satelite'),
       ('Cetus A', 'Nix', 88, 3186, 68, 54, 345678, 'satelite'),
       ('Nuvem de Magalhães', 'Miranda', 235, 8754, 73, 60, 32145, 'satelite'),
       ('Pégaso', 'Hércules', 1436, 65987, 53, 49, 87654, 'estrela'),
       ('Olho de Coruja', 'Hades', 477, 24756, 61, 50, 39872, 'asteroide'),
       ('Redemoinho', 'Júpiter', 69911, 98502, 51, 44, 390220, 'planeta'),
       ('Nebula', 'Pan-STARRS', 596, 27563, 64, 58, 98321, 'cometa'),
       ('Rodamoinho do Sul', 'Vênus', 6051, 73542, 27, 33, 723409, 'planeta'),
    --  Linha com chave primária duplicada --  ('Sombrero', 'Marte', 3397, 42659, 38, 27, 224872, 'planeta'),
       ('Via Láctea', 'Antares', 2075, 81246, 55, 51, 256489, 'estrela'),
       ('Andrômeda', 'Tântalo', 468, 20569, 67, 63, 46528, 'asteroide'),
       ('Cetus A', 'Prometeu', 134, 6743, 71, 63, 378906, 'satelite'),
       ('Nuvem de Magalhães', 'Oberon', 763, 32984, 47, 45, 549723, 'satelite');


INSERT INTO ROTA_CORPO(ROTA, GALAXIA_CORPO, NOME_CORPO)
VALUES ('Rota da Aventura', 'Pégaso', 'Alpha Centauri'),
       ('Rota dos Mistérios Antigos', 'Olho de Coruja', 'Hermes'),
       ('Rota do Explorador Solitário', 'Redemoinho', 'Terra'),
       ('Rota das Maravilhas Naturais', 'Nebula', 'Halley'),
       ('Rota do Viajante Intrépido', 'Rodamoinho do Sul', 'Saturno'),
       ('Rota do Tesouro Perdido', 'Sombrero', 'Marte'),
       ('Rota da Serenidade', 'Via Láctea', 'Júpiter'),
       ('Rota das Aventuras Aquáticas', 'Andrômeda', 'Plutão'),
       ('Rota das Maravilhas do Deserto', 'Cetus A', 'Venus'),
       ('Rota da Floresta Encantada', 'Nuvem de Magalhães', 'Ganimedes'),
       ('Rota dos Sabores Exóticos', 'Roda de Carroça', 'Mimas'),
       ('Rota das Praias Paradisíacas', 'Cisne Negro', 'Encélado'),
       ('Rota do Vinho e da Gastronomia', 'Cão Maior', 'Prometeu'),
       ('Rota da Aventura na Neve', 'Dragão de Komodo', 'Cometar'),
       ('Rota da Cultura Local', 'Águia Careca', 'Titã');


INSERT INTO ESTRELA(GALAXIA, NOME, LUMINOSIDADE)
VALUES ('Pégaso', 'Alpha Centauri', 734582),
       ('Olho de Coruja', 'Hermes', 792134),
       ('Redemoinho', 'Terra', 802365),
       ('Nebula', 'Halley', 746931),
       ('Rodamoinho do Sul', 'Saturno', 723489),
    --  Chave primária duplicada --  ('Sombrero', 'Marte', 702315),
       ('Via Láctea', 'Júpiter', 867240),
       ('Andrômeda', 'Plutão', 698742),
       ('Cetus A', 'Venus', 785493),
       ('Nuvem de Magalhães', 'Ganimedes', 789245),
       ('Roda de Carroça', 'Mimas', 832410),
       ('Cisne Negro', 'Encélado', 682379),
       ('Cão Maior', 'Prometeu', 719843),
       ('Águia Careca', 'Titã', 754129),
       ('Dragão de Komodo', 'Cometar', 699875),
       ('Apokolips', 'Betelgeuse', 791367),
       ('Trem-bala', 'Fobos', 704582),
       ('Grande Libélula', 'Éris', 697315),
       ('Baleia Cinza', 'Caronte', 704831),
       ('Excalibur', 'Oumuamua', 746923),
       ('Pégaso', 'Sirius', 823467),
       ('Olho de Coruja', 'Apolo', 701234),
       ('Redemoinho', 'Urano', 789543),
       ('Nebula', 'Neowise', 714289),
       ('Rodamoinho do Sul', 'Netuno', 703124),
       ('Sombrero', 'Pluto', 729104),
       ('Via Láctea', 'Sírius B', 786432),
       ('Andrômeda', 'Oberon', 712345),
       ('Cetus A', 'Nix', 702345),
       ('Nuvem de Magalhães', 'Miranda', 793214),
       ('Pégaso', 'Hércules', 798123),
       ('Olho de Coruja', 'Hades', 701345),
       ('Redemoinho', 'Júpiter', 765432),
       ('Nebula', 'Pan-STARRS', 714567),
       ('Rodamoinho do Sul', 'Vênus', 728345),
    --  Chave primária duplicada --  ('Sombrero', 'Marte', 789543),
       ('Via Láctea', 'Antares', 754321),
       ('Andrômeda', 'Tântalo', 708345),
       ('Cetus A', 'Prometeu', 712345),
       ('Nuvem de Magalhães', 'Oberon', 701234);


-- ######## ALERTA #########

-- -- Tem FK's incompatíveis nesse insert (que não existem na tabela de estrelas). Tem que achar quais são e arrumar.
-- -- Além disso, como os insert de baixo dependem desse aqui, comentei tudo a partir daqui.

-- INSERT INTO PLANETA (GALAXIA, NOME, TEM_AGUA, HABITAVEL, GALAXIA_ESTRELA, NOME_ESTRELA)
-- VALUES ('Redemoinho', 'Terra', 'S', 'S', 'Pégaso', 'Alpha Centauri'),
--        ('Rodamoinho do Sul', 'Saturno', 'N', 'N', 'Olho de Coruja', 'Hermes'),
--        ('Sombrero', 'Marte', 'S', 'N', 'Redemoinho', 'Terra'),
--        ('Via Láctea', 'Júpiter', 'N', 'N', 'Nebula', 'Pan-STARRS'),
--        ('Andrômeda', 'Plutão', 'S', 'N', 'Rodamoinho do Sul', 'Netuno'),
--        ('Cetus A', 'Venus', 'S', 'S', 'Via Láctea', 'Sírius B'),
--        ('Andrômeda', 'Pandora', 'N', 'N', 'Andrômeda', 'Oberon'),
--        ('Cetus A', 'Aqua Prime', 'S', 'S', 'Cetus A', 'Prometeu'),
--        ('Grande Libélula', 'Éris', 'S', 'S', 'Nuvem de Magalhães', 'Miranda'),
--        ('Redemoinho', 'Urano', 'N', 'N', 'Pégaso', 'Hércules'),
--        ('Rodamoinho do Sul', 'Netuno', 'S', 'N', 'Olho de Coruja', 'Apolo'),
--        ('Redemoinho', 'Júpiter II', 'S', 'N', 'Redemoinho', 'Urano'),
--        ('Nebula', 'Pluto Prime', 'N', 'N', 'Sombrero', 'Pluto'),
--        ('Rodamoinho do Sul', 'Netuno Prime', 'S', 'N', 'Rodamoinho do Sul', 'Netuno'),
--        ('Sombrero', 'Pluto', 'S', 'S', 'Sombrero', 'Marte'),
--        ('Redemoinho', 'Júpiter', 'N', 'N', 'Via Láctea', 'Júpiter'),
--        ('Rodamoinho do Sul', 'Vênus', 'S', 'N', 'Andrômeda', 'Oberon');


-- INSERT INTO PLANETA_HABITAVEL(GALAXIA, NOME)
-- VALUES ('Redemoinho', 'Terra'),
--        ('Cetus A', 'Venus'),
--        ('Cetus A', 'Aqua Prime'),
--        ('Grande Libélula', 'Éris'),
--        ('Sombrero', 'Pluto'),
--        ('Rodamoinho do Sul', 'Vênus');


-- INSERT INTO FACCAO_RACA(FACCAO, RACA)
-- VALUES ('Ordem das Estrelas Luminosas', 'Zorgon'),
--        ('Aliança Celestial', 'Xenoth'),
--        ('Concílio das Esferas Cósmicas', 'Drakar'),
--        ('Liga dos Planetas Livres', 'Nelkari'),
--        ('Consórcio Interplanetário', 'Lyrion'),
--        ('Tribo das Nebulosas Eternas', 'Vrillar'),
--        ('Soberanos da Galáxia', 'Gorix'),
--        ('Irmandade Estelar', 'Zygoran'),
--        ('Conglomerado Intergaláctico', 'Ogriak'),
--        ('Fraternidade das Dimensões', 'Zentar'),
--        ('Congregação Estelar', 'Korvax'),
--        ('Confederação das Esferas', 'Yolthar'),
--        ('União dos Mundos Unidos', 'Florin'),
--        ('Pacto dos Astros', 'Sylthor'),
--        ('Assembleia das Constelações', 'Astron'),
--        ('Legião dos Viajantes do Espaço', 'Naxor'),
--        ('Reinos Intergalácticos', 'Kryllar'),
--        ('Sociedade das Estrelas', 'Zephyr'),
--        ('Coletivo das Nebulosas', 'Eldar'),
--        ('Legado dos Antigos', 'Varkor'),
--        ('Reinos da Fronteira', 'Zyndari'),
--        ('Círculo das Luas Lunares', 'Graxion'),
--        ('Conclave Estelar', 'Xyrron'),
--        ('Ordem dos Guardiões da Galáxia', 'Krothar'),
--        ('Liga dos Exploradores Cósmicos', 'Zelthar'),
--        ('Sindicato das Constelações', 'Zylok'),
--        ('União Astral', 'Thyrrax'),
--        ('Pacto Intergaláctico', 'Xylos'),
--        ('Ordem das Estrelas Luminosas', 'Vylkor'),
--        ('Aliança Celestial', 'Grynthor'),
--        ('Concílio das Esferas Cósmicas', 'Zorgon'),
--        ('Liga dos Planetas Livres', 'Xenoth'),
--        ('Consórcio Interplanetário', 'Drakar'),
--        ('Tribo das Nebulosas Eternas', 'Nelkari'),
--        ('Soberanos da Galáxia', 'Lyrion'),
--        ('Irmandade Estelar', 'Vrillar'),
--        ('Conglomerado Intergaláctico', 'Gorix'),
--        ('Fraternidade das Dimensões', 'Zygoran'),
--        ('Congregação Estelar', 'Ogriak'),
--        ('Confederação das Esferas', 'Zentar'),
--        ('Pacto dos Astros', 'Kryllar'),
--        ('Assembleia das Constelações', 'Zephyr'),
--        ('Legião dos Viajantes do Espaço', 'Eldar'),
--        ('Reinos Intergalácticos', 'Varkor'),
--        ('Sociedade das Estrelas', 'Zyndari'),
--        ('Coletivo das Nebulosas', 'Graxion'),
--        ('Legado dos Antigos', 'Xyrron'),
--        ('Reinos da Fronteira', 'Krothar'),
--        ('Círculo das Luas Lunares', 'Zelthar'),
--        ('Conclave Estelar', 'Zylok'),
--        ('Ordem dos Guardiões da Galáxia', 'Thyrrax'),
--        ('Liga dos Exploradores Cósmicos', 'Xylos'),
--        ('Sindicato das Constelações', 'Vylkor'),
--        ('União Astral', 'Grynthor'),
--        ('Pacto Intergaláctico', 'Zorgon'),
--        ('Ordem das Estrelas Luminosas', 'Xenoth'),
--        ('Aliança Celestial', 'Drakar'),
--        ('Concílio das Esferas Cósmicas', 'Nelkari'),
--        ('Liga dos Planetas Livres', 'Lyrion'),
--        ('Consórcio Interplanetário', 'Vrillar'),
--        ('Tribo das Nebulosas Eternas', 'Gorix'),
--        ('Soberanos da Galáxia', 'Zygoran'),
--        ('Irmandade Estelar', 'Ogriak'),
--        ('Conglomerado Intergaláctico', 'Zentar'),
--        ('Fraternidade das Dimensões', 'Korvax'),
--        ('Congregação Estelar', 'Yolthar'),
--        ('Confederação das Esferas', 'Florin'),
--        ('União dos Mundos Unidos', 'Sylthor'),
--        ('Pacto dos Astros', 'Astron'),
--        ('Assembleia das Constelações', 'Naxor');


-- INSERT INTO COLONIA (ID, GALAXIA, NOME_PLANETA, FACCAO_NOME, DH_INICIO, DH_FIM, NOME)
-- VALUES (57649102, 'Redemoinho', 'Terra', 'Ordem das Estrelas Luminosas', format_datetime('2023-01-15 08:30:00'), format_datetime('2026-03-20 16:45:00'), 'Colônia Aurora'),
--        (67482134, 'Cetus A', 'Venus', 'Liga dos Planetas Livres', format_datetime('2023-02-05 12:15:00'), NULL, 'Libertária Prime'),
--        (48970234, 'Cetus A', 'Aqua Prime', 'União dos Mundos Unidos', format_datetime('2023-03-20 09:45:00'), format_datetime('2029-06-25 18:00:00'), 'Aqualux'),
--        (59234512, 'Grande Libélula', 'Éris', 'Fraternidade das Dimensões', format_datetime('2023-05-10 14:30:00'), NULL, 'Cidade Arco-Íris'),
--        (68894562, 'Sombrero', 'Pluto', 'Pacto dos Astros', format_datetime('2023-07-01 17:20:00'), NULL, 'Astrocolônia Pinnacle'),
--        (39487623, 'Rodamoinho do Sul', 'Vênus', 'Legado dos Antigos', format_datetime('2023-09-15 11:10:00'), format_datetime('2039-12-20 15:30:00'), 'Esmeralda Central'),
--        (52183476, 'Redemoinho', 'Terra', 'Sociedade das Estrelas', format_datetime('2024-01-05 20:45:00'), NULL, 'Estrela Prospera'),
--        (70235689, 'Cetus A', 'Venus', 'Congregação Estelar', format_datetime('2024-02-20 14:00:00'), format_datetime('2033-05-25 16:20:00'), 'Pacífica Celestial'),
--        (45768932, 'Cetus A', 'Aqua Prime', 'Ordem das Estrelas Luminosas', format_datetime('2024-03-20 09:45:00'), NULL, 'Colônia Azul'),
--        (57893124, 'Grande Libélula', 'Éris', 'Liga dos Planetas Livres', format_datetime('2024-05-10 14:30:00'), format_datetime('2039-08-15 10:10:00'), 'Prisma Celeste'),
--        (67892453, 'Sombrero', 'Pluto', 'União dos Mundos Unidos', format_datetime('2024-07-01 17:20:00'), NULL, 'Polaris'),
--        (39817265, 'Rodamoinho do Sul', 'Vênus', 'Fraternidade das Dimensões', format_datetime('2024-09-15 11:10:00'), format_datetime('2037-12-20 15:30:00'), 'Vortex Prime'),
--        (54279810, 'Redemoinho', 'Terra', 'Pacto dos Astros', format_datetime('2025-01-05 20:45:00'), format_datetime('2028-04-10 08:15:00'), 'Colônia Celestial'),
--        (70012345, 'Cetus A', 'Venus', 'Sociedade das Estrelas', format_datetime('2025-02-20 14:00:00'), NULL, 'Vênus Radiante'),
--        (46782309, 'Cetus A', 'Aqua Prime', 'Congregação Estelar', format_datetime('2025-03-20 09:45:00'), NULL, 'Aqualuna'),
--        (59123478, 'Grande Libélula', 'Éris', 'Ordem das Estrelas Luminosas', format_datetime('2025-05-10 14:30:00'), format_datetime('2028-08-15 10:10:00'), 'Celestialis'),
--        (68567923, 'Sombrero', 'Pluto', 'Liga dos Planetas Livres', format_datetime('2025-07-01 17:20:00'), format_datetime('2029-10-05 20:45:00'), 'Plutonion'),
--        (39472156, 'Rodamoinho do Sul', 'Vênus', 'União dos Mundos Unidos', format_datetime('2025-09-15 11:10:00'), format_datetime('2028-12-20 15:30:00'), 'EcoVenus'),
--        (51982734, 'Redemoinho', 'Terra', 'Fraternidade das Dimensões', format_datetime('2026-01-05 20:45:00'), NULL, 'Dimensia Prime'),
--        (70589642, 'Cetus A', 'Venus', 'Pacto dos Astros', format_datetime('2026-02-20 14:00:00'), format_datetime('2030-05-25 16:20:00'), 'AstroVenus'),
--        (47823456, 'Cetus A', 'Aqua Prime', 'Sociedade das Estrelas', format_datetime('2026-03-20 09:45:00'), format_datetime('2029-06-25 18:00:00'), 'Aquafuturis'),
--        (59321876, 'Grande Libélula', 'Éris', 'Congregação Estelar', format_datetime('2026-05-10 14:30:00'), NULL, 'Éris Stellaris'),
--        (67890543, 'Sombrero', 'Pluto', 'Ordem das Estrelas Luminosas', format_datetime('2026-07-01 17:20:00'), NULL, 'Pluto Celestial'),
--        (39456789, 'Rodamoinho do Sul', 'Vênus', 'Liga dos Planetas Livres', format_datetime('2026-09-15 11:10:00'), NULL, 'Vênus Liberta'),
--        (52349876, 'Redemoinho', 'Terra', 'União dos Mundos Unidos', format_datetime('2027-01-05 20:45:00'), NULL, 'Terra Unida');


-- INSERT INTO GUERRA (AGRESSOR, DEFENSOR, DH_INICIO, DH_FIM, OBITOS)
-- VALUES ('Ordem das Estrelas Luminosas', 'Liga dos Planetas Livres', format_datetime('2022-01-15 08:30:00'), format_datetime('2023-08-20 16:45:00'), 421),
--        ('Aliança Celestial', 'Concílio das Esferas Cósmicas', format_datetime('2022-03-05 12:15:00'), format_datetime('2023-10-10 14:20:00'), 1567),
--        ('Consórcio Interplanetário', 'Tribo das Nebulosas Eternas', format_datetime('2022-05-20 09:45:00'), NULL, 314),
--        ('Fraternidade das Dimensões', 'Confederação das Esferas', format_datetime('2022-08-10 14:30:00'), format_datetime('2024-02-15 10:10:00'), 489),
--        ('Assembleia das Constelações', 'Legião dos Viajantes do Espaço', format_datetime('2022-12-01 17:20:00'), NULL, 621),
--        ('Reinos Intergalácticos', 'Sociedade das Estrelas', format_datetime('2023-03-15 11:10:00'), format_datetime('2024-09-20 15:30:00'), 352),
--        ('Liga dos Exploradores Cósmicos', 'Sindicato das Constelações', format_datetime('2023-06-30 20:45:00'), format_datetime('2025-01-05 08:15:00'), 5422),
--        ('União Astral', 'Pacto Intergaláctico', format_datetime('2023-10-20 14:00:00'), format_datetime('2025-04-25 16:20:00'), 389),
--        ('Ordem dos Guardiões da Galáxia', 'Círculo das Luas Lunares', format_datetime('2024-02-15 09:45:00'), NULL, 631),
--        ('Liga dos Planetas Livres', 'Sociedade das Estrelas', format_datetime('2024-06-05 14:30:00'), format_datetime('2026-01-10 10:10:00'), 478),
--        ('Tribo das Nebulosas Eternas', 'Conclave Estelar', format_datetime('2024-09-20 17:20:00'), format_datetime('2026-03-25 20:45:00'), 5173),
--        ('Confederação das Esferas', 'União dos Mundos Unidos', format_datetime('2025-01-10 11:10:00'), format_datetime('2026-07-15 15:30:00'), 297),
--        ('Pacto dos Astros', 'Legado dos Antigos', format_datetime('2025-05-25 20:45:00'), NULL, 642),
--        ('Assembleia das Constelações', 'Ordem dos Guardiões da Galáxia', format_datetime('2025-09-15 14:00:00'), format_datetime('2027-03-20 16:20:00'), 532),
--        ('Liga dos Exploradores Cósmicos', 'Pacto Intergaláctico', format_datetime('2026-01-05 09:45:00'), format_datetime('2027-07-10 18:00:00'), 4651);